page,rows,elapsed_ms
1,1000,11.446
2,1000,3.809
3,1000,2.690
4,1000,2.455
5,1000,2.445
6,1000,2.758
7,1000,2.316
8,1000,2.382
9,1000,2.326
10,1000,2.452
11,1000,2.392
12,1000,2.280
13,1000,2.442
14,1000,2.392
15,1000,2.535
16,1000,2.422
17,1000,2.870
18,1000,2.408
19,1000,3.067
20,1000,2.382
21,1000,2.420
22,1000,2.331
23,1000,2.465
24,1000,2.371
25,1000,2.336
26,1000,2.272
27,1000,2.581
28,1000,2.590
29,1000,2.404
30,1000,2.426
31,1000,2.454
32,1000,3.363
33,1000,2.876
34,1000,2.508
35,1000,2.356
36,1000,2.597
37,1000,2.310
38,1000,2.445
39,1000,2.506
40,1000,2.336
41,1000,2.515
42,1000,2.563
43,1000,2.707
44,1000,2.361
45,1000,2.357
46,1000,2.403
47,1000,3.074
48,1000,2.273
49,1000,2.573
50,1000,2.954
51,1000,2.457
52,1000,2.274
53,1000,2.457
54,1000,2.451
55,1000,2.444
56,1000,2.449
57,1000,2.290
58,1000,2.381
59,1000,2.769
60,1000,2.497
61,1000,2.550
62,1000,2.674
63,1000,2.289
64,1000,2.526
65,1000,3.334
66,1000,2.458
67,1000,2.223
68,1000,2.399
69,1000,2.478
70,1000,2.725
71,1000,2.608
72,1000,2.638
73,1000,2.354
74,1000,2.313
75,1000,2.584
76,1000,2.382
77,1000,2.338
78,1000,2.535
79,1000,2.570
80,1000,2.265
81,1000,2.488
82,1000,3.771
83,1000,2.361
84,1000,2.399
85,1000,2.514
86,1000,2.495
87,1000,2.598
88,1000,2.238
89,1000,2.250
90,1000,2.482
91,1000,2.430
92,1000,2.510
93,1000,2.383
94,1000,2.174
95,1000,2.484
96,1000,2.430
97,1000,2.463
98,1000,2.513
99,1000,3.273
100,1000,2.251
101,1000,2.310
102,1000,2.251
103,1000,2.430
104,1000,2.262
105,1000,2.357
106,1000,2.527
107,1000,2.417
108,1000,3.125
109,1000,2.901
110,1000,2.527
111,1000,2.585
112,1000,2.442
113,1000,2.409
114,1000,2.401
115,1000,2.373
116,1000,2.912
117,1000,2.308
118,1000,3.137
119,1000,3.952
120,1000,3.993
121,1000,3.539
122,1000,2.323
123,1000,2.463
124,1000,2.389
125,1000,2.835
126,1000,2.231
127,1000,2.278
128,1000,2.309
129,1000,2.564
130,1000,2.428
131,1000,2.342
132,1000,3.022
133,1000,3.435
134,1000,3.287
135,1000,3.320
136,1000,3.180
137,1000,2.297
138,1000,2.474
139,1000,2.378
140,1000,2.467
141,1000,2.502
142,1000,2.460
143,1000,2.419
144,1000,2.520
145,1000,2.276
146,1000,2.232
147,1000,2.238
148,1000,2.530
149,1000,2.353
150,1000,2.424
151,1000,2.384
152,1000,2.928
153,1000,2.324
154,1000,2.460
155,1000,2.444
156,1000,2.438
157,1000,2.345
158,1000,2.387
159,1000,2.455
160,1000,2.366
161,1000,2.388
162,1000,3.588
163,1000,2.790
164,1000,2.659
165,1000,3.265
166,1000,2.382
167,1000,2.403
168,1000,3.449
169,1000,3.954
170,1000,2.381
171,1000,2.731
172,1000,2.443
173,1000,2.378
174,1000,2.549
175,1000,2.293
176,1000,2.599
177,1000,2.456
178,1000,2.527
179,1000,2.270
180,1000,2.275
181,1000,2.249
182,1000,2.608
183,1000,2.377
184,1000,2.242
185,1000,2.248
186,1000,2.479
187,1000,3.194
188,1000,3.910
189,1000,2.346
190,1000,2.380
191,1000,3.503
192,1000,2.278
193,1000,3.917
194,1000,2.285
195,1000,2.889
196,1000,2.767
197,1000,2.284
198,1000,2.245
199,1000,2.357
200,1000,2.460
201,1000,3.772
202,1000,2.208
203,1000,3.890
204,1000,2.167
205,1000,3.387
206,1000,3.142
207,1000,3.164
208,1000,3.431
209,1000,2.386
210,1000,2.447
211,1000,3.467
212,1000,2.335
213,1000,2.489
214,1000,2.226
215,1000,2.367
216,1000,2.496
217,1000,3.347
218,1000,3.796
219,1000,3.254
220,1000,3.359
221,1000,2.628
222,1000,3.446
223,1000,2.873
224,1000,3.116
225,1000,3.142
226,1000,3.511
227,1000,2.417
228,1000,2.776
229,1000,2.244
230,1000,2.499
231,1000,3.035
232,1000,2.445
233,1000,2.404
234,1000,2.500
235,1000,2.492
236,1000,2.493
237,1000,2.648
238,1000,2.457
239,1000,2.521
240,1000,3.795
241,1000,3.807
242,1000,2.319
243,1000,2.262
244,1000,2.423
245,1000,2.366
246,1000,2.523
247,1000,2.441
248,1000,2.283
249,1000,2.359
250,1000,2.656
251,1000,2.253
252,1000,2.405
253,1000,2.322
254,1000,2.371
255,1000,2.695
256,1000,3.706
257,1000,2.248
258,1000,3.600
259,1000,2.393
260,1000,3.390
261,1000,2.300
262,1000,2.718
263,1000,3.235
264,1000,2.470
265,1000,2.588
266,1000,2.310
267,1000,2.500
268,1000,2.441
269,1000,2.338
270,1000,2.325
271,1000,2.464
272,1000,2.503
273,1000,2.364
274,1000,2.290
275,1000,3.283
276,1000,2.416
277,1000,2.390
278,1000,2.697
279,1000,2.553
280,1000,2.573
281,1000,2.306
282,1000,2.312
283,1000,2.494
284,1000,2.519
285,1000,2.844
286,1000,2.333
287,1000,2.164
288,1000,2.292
289,1000,2.318
290,1000,3.470
291,1000,2.340
292,1000,2.482
293,1000,2.371
294,1000,2.280
295,1000,2.339
296,1000,2.250
297,1000,2.196
298,1000,2.173
299,1000,2.226
300,1000,2.190
301,1000,2.544
302,1000,2.377
303,1000,2.264
304,1000,2.447
305,1000,2.408
306,1000,2.363
307,1000,2.829
308,1000,3.616
309,1000,3.562
310,1000,2.278
311,1000,2.392
312,1000,2.411
313,1000,2.397
314,1000,2.508
315,1000,2.716
316,1000,2.459
317,1000,2.541
318,1000,3.010
319,1000,2.618
320,1000,2.369
321,1000,2.707
322,1000,2.468
323,1000,2.295
324,1000,2.534
325,1000,2.243
326,1000,2.417
327,1000,2.476
328,1000,3.139
329,1000,2.307
330,1000,2.797
331,1000,2.327
332,1000,2.439
333,1000,2.458
334,1000,2.450
335,1000,2.346
336,1000,2.213
337,1000,2.357
338,1000,2.314
339,1000,2.278
340,1000,2.620
341,1000,2.987
342,1000,2.300
343,1000,2.296
344,1000,3.387
345,1000,3.245
346,1000,2.811
347,1000,2.619
348,1000,2.470
349,1000,2.613
350,1000,2.628
351,1000,2.392
352,1000,3.555
353,1000,3.241
354,1000,3.872
355,1000,2.247
356,1000,3.771
357,1000,2.402
358,1000,2.275
359,1000,2.675
360,1000,2.554
361,1000,2.669
362,1000,2.548
363,1000,3.271
364,1000,2.274
365,1000,2.200
366,1000,2.469
367,1000,2.431
368,1000,2.271
369,1000,2.323
370,1000,2.215
371,1000,2.328
372,1000,2.428
373,1000,2.232
374,1000,2.386
375,1000,2.563
376,1000,2.588
377,1000,2.267
378,1000,2.260
379,1000,2.181
380,1000,2.204
381,1000,2.568
382,1000,3.192
383,1000,2.924
384,1000,2.668
385,1000,2.806
386,1000,2.769
387,1000,3.795
388,1000,2.393
389,1000,2.293
390,1000,2.231
391,1000,2.224
392,1000,2.296
393,1000,2.170
394,1000,2.231
395,1000,2.315
396,1000,2.307
397,1000,2.272
398,1000,2.194
399,1000,2.234
400,1000,2.124
401,1000,2.291
402,1000,2.309
403,1000,2.252
404,1000,2.196
405,1000,2.331
406,1000,2.246
407,1000,2.212
408,1000,2.182
409,1000,2.186
410,1000,2.184
411,1000,2.224
412,1000,2.197
413,1000,2.142
414,1000,2.176
415,1000,2.145
416,1000,2.855
417,1000,2.293
418,1000,2.206
419,1000,2.331
420,1000,2.311
421,1000,2.175
422,1000,2.178
423,1000,2.223
424,1000,2.402
425,1000,2.240
426,1000,2.165
427,1000,2.210
428,1000,2.161
429,1000,2.149
430,1000,2.235
431,1000,2.146
432,1000,2.182
433,1000,2.169
434,1000,2.139
435,1000,2.178
436,1000,2.151
437,1000,2.329
438,1000,2.313
439,1000,2.185
440,1000,2.298
441,1000,2.235
442,1000,2.194
443,1000,2.315
444,1000,2.233
445,1000,2.164
446,1000,2.284
447,1000,2.258
448,1000,2.204
449,1000,2.162
450,1000,2.157
451,1000,2.333
452,1000,2.397
453,1000,2.242
454,1000,2.186
455,1000,2.306
456,1000,2.236
457,1000,2.162
458,1000,2.310
459,1000,2.178
460,1000,2.189
461,1000,2.254
462,1000,2.470
463,1000,2.197
464,1000,2.207
465,1000,2.211
466,1000,2.211
467,1000,2.296
468,1000,2.265
469,1000,2.863
470,1000,2.206
471,1000,2.252
472,1000,2.167
473,1000,2.268
474,1000,2.191
475,1000,2.221
476,1000,2.218
477,1000,2.318
478,1000,2.176
479,1000,2.172
480,1000,2.107
481,1000,2.178
482,1000,2.137
483,1000,2.163
484,1000,2.209
485,1000,2.350
486,1000,2.125
487,1000,2.269
488,1000,2.200
489,1000,2.189
490,1000,2.361
491,1000,2.300
492,1000,2.274
493,1000,2.447
494,1000,2.475
495,1000,2.192
496,1000,2.229
497,1000,2.487
498,1000,2.535
499,1000,2.465
500,1000,2.406
501,1000,2.456
502,1000,2.437
503,1000,2.682
504,1000,3.054
505,1000,2.243
506,1000,2.336
507,1000,3.520
508,1000,2.193
509,1000,2.425
510,1000,2.285
511,1000,2.332
512,1000,2.455
513,1000,2.207
514,1000,2.484
515,1000,2.341
516,1000,2.550
517,1000,2.484
518,1000,2.579
519,1000,2.482
520,1000,2.713
521,1000,2.395
522,1000,2.739
523,1000,3.697
524,1000,3.164
525,1000,2.383
526,1000,2.600
527,1000,2.534
528,1000,2.392
529,1000,2.454
530,1000,3.164
531,1000,2.578
532,1000,2.481
533,1000,2.633
534,1000,2.507
535,1000,2.452
536,1000,3.283
537,1000,2.384
538,1000,2.555
539,1000,2.547
540,1000,3.520
541,1000,2.540
542,1000,2.593
543,1000,2.421
544,1000,2.190
545,1000,2.185
546,1000,2.166
547,1000,2.154
548,1000,2.193
549,1000,2.286
550,1000,2.400
551,1000,2.303
552,1000,2.452
553,1000,2.519
554,1000,2.519
555,1000,2.436
556,1000,3.499
557,1000,2.856
558,1000,3.431
559,1000,3.775
560,1000,2.206
561,1000,2.288
562,1000,2.502
563,1000,2.379
564,1000,2.332
565,1000,2.763
566,1000,2.773
567,1000,2.233
568,1000,2.407
569,1000,2.453
570,1000,3.723
571,1000,2.361
572,1000,3.742
573,1000,2.240
574,1000,2.286
575,1000,2.248
576,1000,2.526
577,1000,2.485
578,1000,2.594
579,1000,2.416
580,1000,2.395
581,1000,2.325
582,1000,3.128
583,1000,2.487
584,1000,2.606
585,1000,2.321
586,1000,2.459
587,1000,2.342
588,1000,2.637
589,1000,2.476
590,1000,2.598
591,1000,2.358
592,1000,2.517
593,1000,2.324
594,1000,2.590
595,1000,2.342
596,1000,2.261
597,1000,2.382
598,1000,2.433
599,1000,2.420
600,1000,2.476
601,1000,2.335
602,1000,2.350
603,1000,2.334
604,1000,3.350
605,1000,3.716
606,1000,4.372
607,1000,2.282
608,1000,2.218
609,1000,2.909
610,1000,3.741
611,1000,2.367
612,1000,2.916
613,1000,2.370
614,1000,2.203
615,1000,2.205
616,1000,2.261
617,1000,2.344
618,1000,2.205
619,1000,2.276
620,1000,3.753
621,1000,2.249
622,1000,3.193
623,1000,2.413
624,1000,2.777
625,1000,3.354
626,1000,2.367
627,1000,2.540
628,1000,3.298
629,1000,2.380
630,1000,3.270
631,1000,2.595
632,1000,2.695
633,1000,2.422
634,1000,2.449
635,1000,2.361
636,1000,2.494
637,1000,2.394
638,1000,2.345
639,1000,3.649
640,1000,3.252
641,1000,2.914
642,1000,4.002
643,1000,3.770
644,1000,2.895
645,1000,4.073
646,1000,2.861
647,1000,2.445
648,1000,2.534
649,1000,2.390
650,1000,2.501
651,1000,2.447
652,1000,2.481
653,1000,3.005
654,1000,2.332
655,1000,2.225
656,1000,2.397
657,1000,2.639
658,1000,3.488
659,1000,3.266
660,1000,2.529
661,1000,2.368
662,1000,2.954
663,1000,2.840
664,1000,2.956
665,1000,2.754
666,1000,3.474
667,1000,3.311
668,1000,2.436
669,1000,3.430
670,1000,3.928
671,1000,2.223
672,1000,2.593
673,1000,3.507
674,1000,2.265
675,1000,4.042
676,1000,2.364
677,1000,3.831
678,1000,2.395
679,1000,2.270
680,1000,2.387
681,1000,2.649
682,1000,2.362
683,1000,2.649
684,1000,2.653
685,1000,2.648
686,1000,2.456
687,1000,2.345
688,1000,2.366
689,1000,2.397
690,1000,2.399
691,1000,3.971
692,1000,2.264
693,1000,2.953
694,1000,2.604
695,1000,3.602
696,1000,2.405
697,1000,2.464
698,1000,3.303
699,1000,3.320
700,1000,2.986
701,1000,3.260
702,1000,3.751
703,1000,2.238
704,1000,2.179
705,1000,2.469
706,1000,2.258
707,1000,2.368
708,1000,3.389
709,1000,2.578
710,1000,3.443
711,1000,3.693
712,1000,2.360
713,1000,3.292
714,1000,2.405
715,1000,2.423
716,1000,4.028
717,1000,3.285
718,1000,2.305
719,1000,3.232
720,1000,3.887
721,1000,2.899
722,1000,3.274
723,1000,3.254
724,1000,3.314
725,1000,2.645
726,1000,3.910
727,1000,2.346
728,1000,2.527
729,1000,2.342
730,1000,2.387
731,1000,2.647
732,1000,2.397
733,1000,2.428
734,1000,2.449
735,1000,2.232
736,1000,2.436
737,1000,2.639
738,1000,2.587
739,1000,2.805
740,1000,2.421
741,1000,3.296
742,1000,3.091
743,1000,2.236
744,1000,3.334
745,1000,2.439
746,1000,2.299
747,1000,2.515
748,1000,2.397
749,1000,2.518
750,1000,2.504
751,1000,3.218
752,1000,3.937
753,1000,2.665
754,1000,2.430
755,1000,2.416
756,1000,2.874
757,1000,2.391
758,1000,2.417
759,1000,3.807
760,1000,2.243
761,1000,2.763
762,1000,2.347
763,1000,2.222
764,1000,2.268
765,1000,2.233
766,1000,2.399
767,1000,2.321
768,1000,2.942
769,1000,2.347
770,1000,3.613
771,1000,2.265
772,1000,2.452
773,1000,2.334
774,1000,2.369
775,1000,3.557
776,1000,2.708
777,1000,2.262
778,1000,3.428
779,1000,2.226
780,1000,2.538
781,1000,2.475
782,1000,2.256
783,1000,2.348
784,1000,2.387
785,1000,2.418
786,1000,2.909
787,1000,2.387
788,1000,2.361
789,1000,2.316
790,1000,2.482
791,1000,2.379
792,1000,2.451
793,1000,2.451
794,1000,2.457
795,1000,2.304
796,1000,2.198
797,1000,3.023
798,1000,3.387
799,1000,2.336
800,1000,2.205
801,1000,2.228
802,1000,3.725
803,1000,2.145
804,1000,4.360
805,1000,3.679
806,1000,3.186
807,1000,2.297
808,1000,3.697
809,1000,2.234
810,1000,2.242
811,1000,2.171
812,1000,2.206
813,1000,2.268
814,1000,2.298
815,1000,2.188
816,1000,2.145
817,1000,2.293
818,1000,2.317
819,1000,2.347
820,1000,2.785
821,1000,2.416
822,1000,2.219
823,1000,2.426
824,1000,2.707
825,1000,2.305
826,1000,2.242
827,1000,2.502
828,1000,2.545
829,1000,2.488
830,1000,2.461
831,1000,2.484
832,1000,2.345
833,1000,2.398
834,1000,2.549
835,1000,2.354
836,1000,2.425
837,1000,2.493
838,1000,2.414
839,1000,2.823
840,1000,2.353
841,1000,2.364
842,1000,2.737
843,1000,2.757
844,1000,3.221
845,1000,2.229
846,1000,2.422
847,1000,2.214
848,1000,4.030
849,1000,2.189
850,1000,2.391
851,1000,2.350
852,1000,2.512
853,1000,3.233
854,1000,2.210
855,1000,3.790
856,1000,2.332
857,1000,2.299
858,1000,2.298
859,1000,2.350
860,1000,2.289
861,1000,2.395
862,1000,2.304
863,1000,2.625
864,1000,2.600
865,1000,2.432
866,1000,2.686
867,1000,2.859
868,1000,2.408
869,1000,2.223
870,1000,3.515
871,1000,2.300
872,1000,2.394
873,1000,2.206
874,1000,2.434
875,1000,2.456
876,1000,2.399
877,1000,2.403
878,1000,2.401
879,1000,2.481
880,1000,3.596
881,1000,2.238
882,1000,2.477
883,1000,2.448
884,1000,2.401
885,1000,2.422
886,1000,2.460
887,1000,2.541
888,1000,2.400
889,1000,2.483
890,1000,2.413
891,1000,2.522
892,1000,3.237
893,1000,3.818
894,1000,2.381
895,1000,3.247
896,1000,3.277
897,1000,2.307
898,1000,2.415
899,1000,2.191
900,1000,2.475
901,1000,2.498
902,1000,2.424
903,1000,2.325
904,1000,2.512
905,1000,2.420
906,1000,2.432
907,1000,2.359
908,1000,2.312
909,1000,2.379
910,1000,2.301
911,1000,2.446
912,1000,2.360
913,1000,2.234
914,1000,2.181
915,1000,2.363
916,1000,2.574
917,1000,2.237
918,1000,2.410
919,1000,2.262
920,1000,2.291
921,1000,2.430
922,1000,2.309
923,1000,2.446
924,1000,2.285
925,1000,2.295
926,1000,2.214
927,1000,2.490
928,1000,2.381
929,1000,2.500
930,1000,2.430
931,1000,2.400
932,1000,2.451
933,1000,2.340
934,1000,2.298
935,1000,2.366
936,1000,2.613
937,1000,2.252
938,1000,2.408
939,1000,2.246
940,1000,2.483
941,1000,2.475
942,1000,2.452
943,1000,2.402
944,1000,2.361
945,1000,3.051
946,1000,3.952
947,1000,2.538
948,1000,2.611
949,1000,2.590
950,1000,2.523
951,1000,2.456
952,1000,2.528
953,1000,2.669
954,1000,2.695
955,1000,2.661
956,1000,2.573
957,1000,2.504
958,1000,2.827
959,1000,3.439
960,1000,2.527
961,1000,2.555
962,1000,2.401
963,1000,3.054
964,1000,2.770
965,1000,3.522
966,1000,2.408
967,1000,2.227
968,1000,2.341
969,1000,3.240
970,1000,3.829
971,1000,2.217
972,1000,2.497
973,1000,2.185
974,1000,2.474
975,1000,2.448
976,1000,2.759
977,1000,2.376
978,1000,2.227
979,1000,2.483
980,1000,3.284
981,1000,2.492
982,1000,2.422
983,1000,2.400
984,1000,2.554
985,1000,2.579
986,1000,2.861
987,1000,2.531
988,1000,2.383
989,1000,2.494
990,1000,2.410
991,1000,2.367
992,1000,2.882
993,1000,3.001
994,1000,2.595
995,1000,2.880
996,1000,3.522
997,1000,2.381
998,1000,2.666
999,1000,2.336
1000,1000,2.219
1001,1000,2.524
1002,1000,3.183
1003,1000,2.849
1004,1000,3.793
1005,1000,2.253
1006,1000,2.250
1007,1000,2.623
1008,1000,2.714
1009,1000,3.199
1010,1000,3.153
1011,1000,2.258
1012,1000,2.477
1013,1000,2.280
1014,1000,2.378
1015,1000,2.495
1016,1000,2.406
1017,1000,2.355
1018,1000,2.569
1019,1000,2.305
1020,1000,2.363
1021,1000,2.680
1022,1000,3.603
1023,1000,2.254
1024,1000,2.390
1025,1000,3.288
1026,1000,2.306
1027,1000,2.642
1028,1000,2.496
1029,1000,2.628
1030,1000,2.363
1031,1000,2.238
1032,1000,2.293
1033,1000,2.928
1034,1000,2.186
1035,1000,2.287
1036,1000,2.373
1037,1000,2.346
1038,1000,2.419
1039,1000,2.516
1040,1000,2.427
1041,1000,3.237
1042,1000,2.283
1043,1000,2.410
1044,1000,2.495
1045,1000,2.356
1046,1000,3.244
1047,1000,2.256
1048,1000,2.987
1049,1000,2.458
1050,1000,2.352
1051,1000,2.423
1052,1000,2.398
1053,1000,2.377
1054,1000,2.398
1055,1000,2.378
1056,1000,2.381
1057,1000,2.444
1058,1000,2.514
1059,1000,2.545
1060,1000,2.608
1061,1000,2.425
1062,1000,2.432
1063,1000,2.532
1064,1000,2.546
1065,1000,3.882
1066,1000,2.882
1067,1000,2.443
1068,1000,2.440
1069,1000,2.568
1070,1000,3.610
1071,1000,2.262
1072,1000,2.781
1073,1000,2.404
1074,1000,2.448
1075,1000,2.442
1076,1000,2.709
1077,1000,2.768
1078,1000,2.793
1079,1000,2.756
1080,1000,2.850
1081,1000,2.265
1082,1000,3.728
1083,1000,2.285
1084,1000,2.664
1085,1000,2.289
1086,1000,3.111
1087,1000,2.567
1088,1000,2.326
1089,1000,2.254
1090,1000,2.231
1091,1000,2.192
1092,1000,2.238
1093,1000,2.529
1094,1000,2.356
1095,1000,2.682
1096,1000,2.373
1097,1000,3.722
1098,1000,3.480
1099,1000,3.799
1100,1000,3.477
1101,1000,3.862
1102,1000,2.306
1103,1000,2.403
1104,1000,3.777
1105,1000,2.205
1106,1000,2.222
1107,1000,2.300
1108,1000,2.324
1109,1000,2.930
1110,1000,2.875
1111,1000,3.402
1112,1000,2.298
1113,1000,3.748
1114,1000,2.282
1115,1000,2.237
1116,1000,2.360
1117,1000,2.959
1118,1000,2.300
1119,1000,2.475
1120,1000,2.410
1121,1000,2.991
1122,1000,3.741
1123,1000,2.317
1124,1000,2.523
1125,1000,3.313
1126,1000,3.670
1127,1000,2.399
1128,1000,2.427
1129,1000,2.604
1130,1000,2.508
1131,1000,2.537
1132,1000,2.372
1133,1000,2.573
1134,1000,3.451
1135,1000,3.915
1136,1000,2.562
1137,1000,2.549
1138,1000,2.509
1139,1000,2.809
1140,1000,2.307
1141,1000,2.389
1142,1000,2.477
1143,1000,2.530
1144,1000,3.472
1145,1000,2.283
1146,1000,3.844
1147,1000,2.261
1148,1000,2.773
1149,1000,2.430
1150,1000,2.633
1151,1000,2.548
1152,1000,2.430
1153,1000,2.582
1154,1000,2.484
1155,1000,2.543
1156,1000,2.500
1157,1000,2.328
1158,1000,2.498
1159,1000,3.356
1160,1000,2.259
1161,1000,2.426
1162,1000,2.607
1163,1000,2.520
1164,1000,2.497
1165,1000,2.422
1166,1000,2.390
1167,1000,3.331
1168,1000,3.533
1169,1000,2.401
1170,1000,2.349
1171,1000,2.559
1172,1000,2.346
1173,1000,2.265
1174,1000,2.765
1175,1000,2.397
1176,1000,2.323
1177,1000,2.249
1178,1000,2.318
1179,1000,2.248
1180,1000,2.176
1181,1000,2.157
1182,1000,2.313
1183,1000,3.670
1184,1000,2.342
1185,1000,2.243
1186,1000,2.392
1187,1000,2.305
1188,1000,2.292
1189,1000,2.530
1190,1000,3.353
1191,1000,2.237
1192,1000,3.720
1193,1000,3.601
1194,1000,2.280
1195,1000,2.944
1196,1000,2.369
1197,1000,2.334
1198,1000,2.510
1199,1000,2.421
1200,1000,2.501
1201,1000,2.928
1202,1000,2.277
1203,1000,2.386
1204,1000,2.309
1205,1000,2.896
1206,1000,3.835
1207,1000,2.551
1208,1000,2.382
1209,1000,2.551
1210,1000,2.306
1211,1000,2.409
1212,1000,2.570
1213,1000,2.452
1214,1000,2.451
1215,1000,2.427
1216,1000,3.273
1217,1000,2.278
1218,1000,2.530
1219,1000,3.640
1220,1000,2.314
1221,1000,3.204
1222,1000,3.266
1223,1000,2.287
1224,1000,3.485
1225,1000,3.918
1226,1000,2.288
1227,1000,2.898
1228,1000,2.381
1229,1000,2.387
1230,1000,2.355
1231,1000,3.509
1232,1000,2.231
1233,1000,2.773
1234,1000,2.229
1235,1000,2.334
1236,1000,2.518
1237,1000,2.564
1238,1000,2.485
1239,1000,2.596
1240,1000,2.595
1241,1000,2.414
1242,1000,2.249
1243,1000,2.525
1244,1000,2.710
1245,1000,2.406
1246,1000,2.536
1247,1000,2.500
1248,1000,2.545
1249,1000,2.366
1250,1000,2.231
1251,1000,2.205
1252,1000,2.202
1253,1000,2.192
1254,1000,2.320
1255,1000,2.384
1256,1000,2.442
1257,1000,2.240
1258,1000,2.979
1259,1000,2.673
1260,1000,2.257
1261,1000,3.514
1262,1000,2.937
1263,1000,2.213
1264,1000,2.663
1265,1000,3.337
1266,1000,3.200
1267,1000,3.009
1268,1000,2.305
1269,1000,3.165
1270,1000,3.372
1271,1000,2.278
1272,1000,3.688
1273,1000,2.284
1274,1000,2.433
1275,1000,2.371
1276,1000,2.519
1277,1000,2.385
1278,1000,2.612
1279,1000,2.583
1280,1000,2.449
1281,1000,2.443
1282,1000,2.557
1283,1000,2.553
1284,1000,2.629
1285,1000,2.539
1286,1000,2.484
1287,1000,2.490
1288,1000,2.647
1289,1000,2.433
1290,1000,2.652
1291,1000,2.413
1292,1000,2.392
1293,1000,2.357
1294,1000,3.813
1295,1000,2.410
1296,1000,2.269
1297,1000,2.419
1298,1000,3.584
1299,1000,2.216
1300,1000,3.244
1301,1000,3.675
1302,1000,2.367
1303,1000,2.655
1304,1000,2.877
1305,1000,2.604
1306,1000,2.810
1307,1000,3.712
1308,1000,2.294
1309,1000,2.335
1310,1000,3.803
1311,1000,3.706
1312,1000,3.057
1313,1000,3.725
1314,1000,3.217
1315,1000,2.819
1316,1000,2.838
1317,1000,2.977
1318,1000,2.299
1319,1000,2.524
1320,1000,2.406
1321,1000,2.342
1322,1000,2.340
1323,1000,2.205
1324,1000,2.325
1325,1000,3.143
1326,1000,2.449
1327,1000,3.001
1328,1000,3.094
1329,1000,2.262
1330,1000,3.961
1331,1000,2.262
1332,1000,2.435
1333,1000,2.231
1334,1000,2.408
1335,1000,3.048
1336,1000,3.730
1337,1000,2.366
1338,1000,2.619
1339,1000,2.484
1340,1000,2.574
1341,1000,2.378
1342,1000,2.480
1343,1000,2.491
1344,1000,3.653
1345,1000,3.072
1346,1000,3.255
1347,1000,3.273
1348,1000,2.438
1349,1000,3.398
1350,1000,3.009
1351,1000,3.807
1352,1000,3.853
1353,1000,3.633
1354,1000,3.125
1355,1000,3.887
1356,1000,3.344
1357,1000,3.781
1358,1000,2.907
1359,1000,2.404
1360,1000,3.423
1361,1000,2.428
1362,1000,3.845
1363,1000,3.679
1364,1000,2.482
1365,1000,2.499
1366,1000,2.507
1367,1000,2.478
1368,1000,3.275
1369,1000,2.491
1370,1000,2.901
1371,1000,2.296
1372,1000,2.235
1373,1000,2.253
1374,1000,2.257
1375,1000,2.789
1376,1000,3.171
1377,1000,2.866
1378,1000,2.872
1379,1000,3.493
1380,1000,2.330
1381,1000,3.228
1382,1000,3.481
1383,1000,2.958
1384,1000,2.555
1385,1000,2.394
1386,1000,2.281
1387,1000,2.477
1388,1000,2.294
1389,1000,2.876
1390,1000,2.487
1391,1000,2.471
1392,1000,2.487
1393,1000,2.369
1394,1000,2.458
1395,1000,2.676
1396,1000,2.351
1397,1000,2.298
1398,1000,2.344
1399,1000,2.447
1400,1000,3.775
1401,1000,3.566
1402,1000,3.286
1403,1000,2.994
1404,1000,3.491
1405,1000,3.861
1406,1000,2.398
1407,1000,3.885
1408,1000,2.419
1409,1000,2.441
1410,1000,2.354
1411,1000,3.669
1412,1000,2.447
1413,1000,3.476
1414,1000,2.416
1415,1000,3.632
1416,1000,2.318
1417,1000,2.917
1418,1000,2.523
1419,1000,2.499
1420,1000,2.324
1421,1000,2.854
1422,1000,2.528
1423,1000,2.191
1424,1000,2.360
1425,1000,2.492
1426,1000,2.312
1427,1000,3.053
1428,1000,3.175
1429,1000,2.304
1430,1000,2.418
1431,1000,4.071
1432,1000,2.385
1433,1000,2.293
1434,1000,2.243
1435,1000,2.302
1436,1000,2.248
1437,1000,2.132
1438,1000,2.160
1439,1000,2.295
1440,1000,2.224
1441,1000,2.268
1442,1000,2.283
1443,1000,2.171
1444,1000,2.194
1445,1000,2.295
1446,1000,2.266
1447,1000,2.137
1448,1000,2.155
1449,1000,2.342
1450,1000,3.054
1451,1000,2.252
1452,1000,2.337
1453,1000,2.224
1454,1000,2.178
1455,1000,2.171
1456,1000,3.109
1457,1000,2.509
1458,1000,2.382
1459,1000,2.500
1460,1000,2.263
1461,1000,2.585
1462,1000,2.496
1463,1000,2.353
1464,1000,2.444
1465,1000,2.208
1466,1000,2.325
1467,1000,2.381
1468,1000,2.530
1469,1000,2.236
1470,1000,2.418
1471,1000,2.320
1472,1000,3.307
1473,1000,2.921
1474,1000,3.643
1475,1000,2.339
1476,1000,2.424
1477,1000,3.771
1478,1000,3.179
1479,1000,3.874
1480,1000,2.569
1481,1000,2.564
1482,1000,2.442
1483,1000,2.460
1484,1000,2.574
1485,1000,2.191
1486,1000,2.243
1487,1000,2.364
1488,1000,2.369
1489,1000,2.345
1490,1000,2.489
1491,1000,2.392
1492,1000,2.491
1493,1000,2.247
1494,1000,2.367
1495,1000,2.375
1496,1000,2.514
1497,1000,2.479
1498,1000,2.502
1499,1000,2.561
1500,1000,2.564
1501,1000,2.669
1502,1000,2.441
1503,1000,2.231
1504,1000,2.492
1505,1000,2.392
1506,1000,2.550
1507,1000,2.544
1508,1000,2.547
1509,1000,3.103
1510,1000,2.515
1511,1000,2.706
1512,1000,2.658
1513,1000,3.778
1514,1000,2.754
1515,1000,2.595
1516,1000,2.522
1517,1000,2.739
1518,1000,2.571
1519,1000,2.814
1520,1000,3.176
1521,1000,2.727
1522,1000,2.564
1523,1000,2.521
1524,1000,3.250
1525,1000,2.307
1526,1000,3.692
1527,1000,3.799
1528,1000,2.512
1529,1000,2.588
1530,1000,2.399
1531,1000,2.257
1532,1000,2.182
1533,1000,2.159
1534,1000,2.165
1535,1000,2.330
1536,1000,2.230
1537,1000,2.201
1538,1000,2.227
1539,1000,2.173
1540,1000,2.280
1541,1000,2.463
1542,1000,2.704
1543,1000,2.515
1544,1000,3.216
1545,1000,2.473
1546,1000,2.363
1547,1000,2.245
1548,1000,3.717
1549,1000,3.469
1550,1000,2.247
1551,1000,2.206
1552,1000,2.305
1553,1000,2.344
1554,1000,3.713
1555,1000,3.517
1556,1000,2.439
1557,1000,3.704
1558,1000,2.417
1559,1000,2.394
1560,1000,2.370
1561,1000,2.290
1562,1000,3.441
1563,1000,2.366
1564,1000,2.230
1565,1000,2.335
1566,1000,2.279
1567,1000,2.573
1568,1000,2.463
1569,1000,2.676
1570,1000,2.323
1571,1000,2.358
1572,1000,2.301
1573,1000,2.215
1574,1000,2.207
1575,1000,3.593
1576,1000,2.222
1577,1000,3.265
1578,1000,2.456
1579,1000,2.503
1580,1000,3.668
1581,1000,2.233
1582,1000,2.206
1583,1000,2.193
1584,1000,2.654
1585,1000,2.297
1586,1000,3.703
1587,1000,2.259
1588,1000,2.296
1589,1000,2.283
1590,1000,2.829
1591,1000,3.341
1592,1000,3.583
1593,1000,2.288
1594,1000,3.804
1595,1000,2.284
1596,1000,2.374
1597,1000,3.034
1598,1000,3.262
1599,1000,2.276
1600,1000,3.463
1601,1000,2.405
1602,1000,2.224
1603,1000,2.596
1604,1000,2.467
1605,1000,2.485
1606,1000,2.353
1607,1000,2.356
1608,1000,2.417
1609,1000,2.589
1610,1000,2.573
1611,1000,2.532
1612,1000,2.406
1613,1000,2.464
1614,1000,2.605
1615,1000,2.516
1616,1000,2.233
1617,1000,2.486
1618,1000,2.336
1619,1000,2.461
1620,1000,3.405
1621,1000,3.113
1622,1000,3.671
1623,1000,2.330
1624,1000,2.852
1625,1000,3.422
1626,1000,3.362
1627,1000,3.299
1628,1000,3.724
1629,1000,2.415
1630,1000,2.457
1631,1000,2.386
1632,1000,2.450
1633,1000,2.392
1634,1000,2.475
1635,1000,2.341
1636,1000,2.390
1637,1000,2.497
1638,1000,2.484
1639,1000,2.527
1640,1000,2.433
1641,1000,2.356
1642,1000,2.479
1643,1000,2.240
1644,1000,2.866
1645,1000,2.200
1646,1000,2.280
1647,1000,2.146
1648,1000,2.198
1649,1000,2.203
1650,1000,2.905
1651,1000,2.330
1652,1000,2.219
1653,1000,2.320
1654,1000,2.202
1655,1000,2.154
1656,1000,2.227
1657,1000,2.679
1658,1000,2.380
1659,1000,2.267
1660,1000,2.216
1661,1000,2.348
1662,1000,2.283
1663,1000,2.216
1664,1000,2.219
1665,1000,2.307
1666,1000,2.209
1667,1000,2.216
1668,1000,2.303
1669,1000,2.238
1670,1000,2.293
1671,1000,2.235
1672,1000,2.186
1673,1000,2.200
1674,1000,2.161
1675,1000,2.212
1676,1000,2.600
1677,1000,2.457
1678,1000,2.461
1679,1000,2.378
1680,1000,2.336
1681,1000,2.363
1682,1000,2.384
1683,1000,2.400
1684,1000,2.375
1685,1000,2.450
1686,1000,2.486
1687,1000,2.520
1688,1000,2.577
1689,1000,2.497
1690,1000,2.786
1691,1000,2.256
1692,1000,2.281
1693,1000,2.343
1694,1000,2.679
1695,1000,2.829
1696,1000,2.472
1697,1000,2.619
1698,1000,2.619
1699,1000,2.284
1700,1000,2.243
1701,1000,2.566
1702,1000,2.316
1703,1000,3.019
1704,1000,2.480
1705,1000,2.480
1706,1000,2.431
1707,1000,2.445
1708,1000,2.481
1709,1000,2.448
1710,1000,2.231
1711,1000,2.349
1712,1000,2.372
1713,1000,3.399
1714,1000,2.288
1715,1000,3.088
1716,1000,2.622
1717,1000,3.356
1718,1000,2.257
1719,1000,3.290
1720,1000,2.667
1721,1000,2.341
1722,1000,2.295
1723,1000,2.448
1724,1000,2.634
1725,1000,2.489
1726,1000,2.417
1727,1000,2.559
1728,1000,2.507
1729,1000,2.598
1730,1000,2.337
1731,1000,2.370
1732,1000,2.266
1733,1000,3.225
1734,1000,3.769
1735,1000,2.222
1736,1000,3.757
1737,1000,2.243
1738,1000,2.856
1739,1000,2.277
1740,1000,3.111
1741,1000,2.831
1742,1000,3.620
1743,1000,2.341
1744,1000,2.241
1745,1000,2.239
1746,1000,2.580
1747,1000,2.541
1748,1000,2.569
1749,1000,2.322
1750,1000,2.527
1751,1000,2.348
1752,1000,2.490
1753,1000,2.384
1754,1000,2.541
1755,1000,2.470
1756,1000,3.118
1757,1000,2.882
1758,1000,2.946
1759,1000,2.513
1760,1000,2.523
1761,1000,2.340
1762,1000,2.482
1763,1000,2.323
1764,1000,2.374
1765,1000,2.376
1766,1000,3.380
1767,1000,2.776
1768,1000,3.192
1769,1000,2.233
1770,1000,3.104
1771,1000,3.770
1772,1000,2.255
1773,1000,3.971
1774,1000,2.970
1775,1000,2.225
1776,1000,2.469
1777,1000,2.380
1778,1000,2.400
1779,1000,2.711
1780,1000,3.579
1781,1000,2.456
1782,1000,2.570
1783,1000,2.507
1784,1000,2.479
1785,1000,2.309
1786,1000,2.458
1787,1000,2.527
1788,1000,2.492
1789,1000,2.544
1790,1000,2.335
1791,1000,2.755
1792,1000,2.309
1793,1000,2.158
1794,1000,2.429
1795,1000,2.895
1796,1000,2.837
1797,1000,3.609
1798,1000,3.775
1799,1000,2.479
1800,1000,2.332
1801,1000,2.550
1802,1000,2.520
1803,1000,2.591
1804,1000,2.423
1805,1000,2.504
1806,1000,3.653
1807,1000,2.307
1808,1000,2.183
1809,1000,3.646
1810,1000,2.306
1811,1000,2.521
1812,1000,3.140
1813,1000,2.292
1814,1000,2.212
1815,1000,2.386
1816,1000,2.356
1817,1000,3.518
1818,1000,2.236
1819,1000,2.354
1820,1000,2.342
1821,1000,2.342
1822,1000,2.310
1823,1000,3.183
1824,1000,3.226
1825,1000,2.258
1826,1000,2.812
1827,1000,2.863
1828,1000,2.293
1829,1000,2.269
1830,1000,2.246
1831,1000,2.567
1832,1000,2.350
1833,1000,2.376
1834,1000,2.710
1835,1000,2.718
1836,1000,3.599
1837,1000,2.390
1838,1000,3.897
1839,1000,2.470
1840,1000,2.964
1841,1000,2.548
1842,1000,2.346
1843,1000,2.333
1844,1000,2.796
1845,1000,2.235
1846,1000,2.317
1847,1000,2.249
1848,1000,2.256
1849,1000,2.189
1850,1000,2.251
1851,1000,2.438
1852,1000,2.433
1853,1000,2.349
1854,1000,2.228
1855,1000,2.191
1856,1000,2.230
1857,1000,2.216
1858,1000,2.243
1859,1000,2.318
1860,1000,2.176
1861,1000,2.341
1862,1000,2.384
1863,1000,2.198
1864,1000,2.654
1865,1000,2.225
1866,1000,2.250
1867,1000,2.190
1868,1000,2.169
1869,1000,2.450
1870,1000,2.727
1871,1000,3.775
1872,1000,2.272
1873,1000,2.694
1874,1000,2.241
1875,1000,2.418
1876,1000,2.335
1877,1000,2.444
1878,1000,2.447
1879,1000,2.944
1880,1000,2.450
1881,1000,2.391
1882,1000,2.338
1883,1000,2.384
1884,1000,2.389
1885,1000,2.287
1886,1000,2.373
1887,1000,2.453
1888,1000,2.343
1889,1000,2.428
1890,1000,3.553
1891,1000,2.259
1892,1000,2.875
1893,1000,2.867
1894,1000,3.140
1895,1000,3.422
1896,1000,2.320
1897,1000,3.438
1898,1000,3.105
1899,1000,3.833
1900,1000,2.318
1901,1000,3.719
1902,1000,3.336
1903,1000,3.647
1904,1000,2.424
1905,1000,2.619
1906,1000,2.654
1907,1000,3.521
1908,1000,2.576
1909,1000,2.582
1910,1000,2.549
1911,1000,2.773
1912,1000,2.564
1913,1000,3.462
1914,1000,3.551
1915,1000,2.750
1916,1000,2.657
1917,1000,2.558
1918,1000,2.517
1919,1000,2.375
1920,1000,2.501
1921,1000,2.315
1922,1000,2.415
1923,1000,2.438
1924,1000,2.558
1925,1000,2.624
1926,1000,2.258
1927,1000,2.414
1928,1000,2.383
1929,1000,3.824
1930,1000,2.286
1931,1000,2.343
1932,1000,2.924
1933,1000,3.137
1934,1000,2.264
1935,1000,3.049
1936,1000,2.843
1937,1000,2.869
1938,1000,3.338
1939,1000,2.307
1940,1000,2.361
1941,1000,2.370
1942,1000,2.380
1943,1000,2.420
1944,1000,2.200
1945,1000,2.713
1946,1000,3.226
1947,1000,3.672
1948,1000,2.561
1949,1000,2.473
1950,1000,2.421
1951,1000,2.401
1952,1000,2.265
1953,1000,2.470
1954,1000,2.632
1955,1000,2.411
1956,1000,2.432
1957,1000,2.273
1958,1000,2.497
1959,1000,2.242
1960,1000,2.384
1961,1000,2.335
1962,1000,2.443
1963,1000,2.530
1964,1000,2.440
1965,1000,2.345
1966,1000,2.221
1967,1000,3.324
1968,1000,2.779
1969,1000,2.269
1970,1000,3.745
1971,1000,2.227
1972,1000,3.706
1973,1000,2.248
1974,1000,2.184
1975,1000,2.174
1976,1000,2.200
1977,1000,2.404
1978,1000,3.184
1979,1000,2.238
1980,1000,2.495
1981,1000,2.761
1982,1000,2.178
1983,1000,2.368
1984,1000,2.419
1985,1000,3.871
1986,1000,3.541
1987,1000,2.233
1988,1000,3.416
1989,1000,2.330
1990,1000,2.962
1991,1000,2.417
1992,1000,2.350
1993,1000,2.456
1994,1000,2.253
1995,1000,2.237
1996,1000,2.369
1997,1000,2.489
1998,1000,2.489
1999,1000,2.401
2000,1000,2.121
2001,0,0.404
